AGENT_ID,FIRST_NAME,LAST_NAME,EMAIL,PHONE,REGION
1,Matthew,Lewis,matthew.lewis24@insuranceco.com,(306)-271-6734,Midwest
2,Chris,Allen,chris.allen84@insuranceco.com,(658)-287-9322,Midwest
3,Daniel,Clark,daniel.clark97@insuranceco.com,(691)-613-7949,Midwest
4,Daniel,Anderson,daniel.anderson85@insuranceco.com,(513)-221-7396,Northeast
5,Joshua,Anderson,joshua.anderson68@insuranceco.com,(710)-881-3047,Northeast
6,Chris,Allen,chris.allen73@insuranceco.com,(704)-330-4556,South
7,Matthew,Walker,matthew.walker82@insuranceco.com,(366)-473-9792,Northeast
8,Sarah,Wright,sarah.wright18@insuranceco.com,(545)-764-8041,Northeast
9,Matthew,Young,matthew.young56@insuranceco.com,(234)-405-4152,Northeast
10,Sarah,Young,sarah.young13@insuranceco.com,(201)-589-4843,Midwest
11,Sarah,Wright,sarah.wright53@insuranceco.com,(361)-401-1995,Midwest
12,Hannah,Allen,hannah.allen71@insuranceco.com,(495)-924-7863,West
13,Sarah,Walker,sarah.walker33@insuranceco.com,(416)-963-7331,Northeast
14,Joshua,Anderson,joshua.anderson98@insuranceco.com,(720)-543-3027,Northeast
15,Hannah,Rodriguez,hannah.rodriguez90@insuranceco.com,(591)-874-6892,Midwest
16,Matthew,Wright,matthew.wright50@insuranceco.com,(227)-334-9392,Northeast
17,Sarah,Anderson,sarah.anderson57@insuranceco.com,(702)-606-9996,South
18,Hannah,Hall,hannah.hall44@insuranceco.com,(938)-812-9110,Midwest
19,Chris,Anderson,chris.anderson14@insuranceco.com,(417)-702-7910,Midwest
20,Matthew,King,matthew.king88@insuranceco.com,(214)-753-8035,West
